Grant_Number,UsageRate
ASC160034,0.4195774655058081
ASC160042,0.5089606761805593
MCB150133,0.8053336796620207
EAR180031,0.2528938122322589
BIO180028,0.5930423001188376
MCB170162,0.45068244752779185
SBE180003,0.30828853617016583
SES160015,0.4271424832839817
MCB160110,0.5881031389131043
CTS150073,0.6824849005826626
BIO170068,0.8725306181214886
DMR170102,0.5680078435877339
PHY170006,0.606297052556597
PHY180012,0.7645762656583215
CTS160025,0.47254707948842223
CTS160045,0.6552770942013622
BIO180020,0.6657591627780137
DMR180051,0.4105692558490581
AST160029,0.7013963186033252
BIO160013,0.7607438612780288
ECD180001,0.5545400868118099
CHE180013,0.6888559545763385
PHY180021,0.024036991933875318
ATM170002,0.580593501587199
DMR160096,0.5919193058026369
CIE170032,0.3866267714378248
DMR180050,0.4812071875457693
DMR180075,0.5077186395852833
CDA160016,0.3276288628146078
PHY160005,0.5209172015222128
PHY170024,0.5656217411347583
CHE160057,0.9300135215195662
DMR160076,0.6484742665260954
ASC160036,0.3654398036223968
CHE180034,0.41912974499105793
MCB160159,0.8376106714310994
MCB160018,0.6084086457373085
MCB170075,0.703185340991025
DMR160139,0.8410475889100277
IBN170003,0.5627469190086207
ECS160008,0.4116000918483682
IBN160013,0.316361344124928
MCB170116,0.3872473588200224
PHY170034,0.6684358239524226
ASC170074,0.25244867840261226
BIO180025,0.7001533773539161
SES170024,0.21097365728520634
DMR160073,0.8043109663280836
PHY160003,0.83273031782344
DDM180004,0.6581328681029145
MCB170133,0.7244963087993909
MCB180110,0.758666428496453
CHE180074,0.7492214655856864
CHE180082,0.8113684912854917
BCS190002,0.4345664972298974
BCS180027,0.5116836125125841
MSS160023,0.5038288065106916
ENG170027,0.5377343153440879
DMR170070,0.8457676338449813
CHE180035,0.699444734621764
IBN170005,0.38012206418778816
BIO160053,0.3535830974223768
BIO170058,0.5912488757867876
EAR180022,0.3253787037697121
ASC180051,0.37140415069295873
ASC170008,0.1216144507267759
CTS170033,0.3224995463290554
CTS180062,0.5632532105772572
DMR180035,0.6674946717300516
CCR160001,0.5906322221062854
DMR170060,0.6657647321135302
EAR190007,0.39180940741607867
ASC160030,0.19221750786015174
DPP160001,0.5652151962559058
ATM170017,0.4754841509817368
ATM170018,0.6432998302409226
DMS170020,0.4002743963532631
DMS170025,0.6011789967707292
PHY180007,0.5958330484139164
CTS170053,0.49616400504738567
ASC170047,0.30899355212621515
ASC170063,0.5627775165705471
BIO160024,0.5326828644963884
DEB180010,0.3324947334522121
DMR170056,0.5230913540935207
IBN190010,-0.04362078742731057
EAR160032,0.48106730452688073
OCE150017,0.669665595788898
CTS180008,0.7322515693771271
DMR160083,0.6195917483300782
EAR170014,0.45432869721034336
IRI180001,0.419298481094238
DMS160014,0.46598401522078636
DMR170033,0.6407428843311913
DMR180016,0.6723474793777171
CIE170056,0.3764157329361504
DMS180011,0.3505868819180598
CTS180038,0.6007982083996251
CHE160055,0.729904153742689
CTS170011,0.6025894347708936
MSS160032,0.5712230264528869
BCS170005,0.453449969893119
CIE160045,0.23713841145338432
IRI170005,0.37411441901206594
CHE160029,0.8766900251014549
DMR160146,1.0389557863150647
AST160068,0.783666913163807
IBN180017,0.3743697491144522
BIO170022,0.5764589233562049
CDA180003,0.33546059557963703
DMR180087,0.678019267195333
PHY160029,0.8845841368815102
ASC160001,0.4619608128140531
CTS160005,0.713449524203123
MSS160002,0.8319379235692431
MPS160002,0.8185265287344401
EAR180002,0.44143567090203417
MCB160085,0.4334259835718153
MCB160015,0.9456787747810634
CCR160020,0.13650512950076987
ECS160006,0.5415478658923902
PHY170040,0.5641148597445003
DMR180114,0.707077125344997
CDA160014,0.3339705232804301
MCB160198,0.6134380102179662
DMR170117,0.3137929024745616
MCB180060,0.7129418032655103
BIO170024,0.3930452663009415
DMR160094,0.7535037472311801
BIO170078,0.9181975397525788
MSS170007,0.5375642072223344
ASC170001,0.20992886176732828
CHE170012,0.6152025406459704
CHE170026,0.8336163226293136
ATM180007,0.20004396332535906
MCB160149,0.7180697757482
MSS180008,0.8027289577198808
BIO160002,0.4828230848198819
MCB170056,0.5656504121572651
DEB160010,0.3123589836941305
CTS180046,0.414193595224836
AST160011,0.6881313721099869
AST160018,0.8718768609610619
DMS180022,0.5182064498449512
PHY180045,0.625712201139465
DMR170019,0.7138051140072769
AST160028,0.8700463837503035
CHE160018,0.9609084812268882
CHE160056,0.8431452621969941
MCB160197,0.5505508954966302
CTS180066,0.3323069418212208
ASC160082,0.33781036916899826
ASC160038,0.4661373853390776
CHE170084,0.5968726983505253
CDA160005,0.013168533989968312
CIE160046,0.526596527484103
DMR170052,0.7512852686441603
CHE170102,0.6035535997902507
EID180001,0.3825507917204506
MCB190002,0.6928355276998237
ECS170007,0.4619146063199151
BIO170111,0.1312464293323259
DMR160026,0.6087986999362393
CIE170061,0.5654485128877091
DMR150124,0.7168241515956087
CTS180002,0.6623141024981886
PHY160057,0.6834308495896306
PHY170003,0.5531793287157665
BIO170061,0.7589673117310297
AST180064,0.6840027668542461
DMR160112,1.0575497875648503
CIE160036,0.3869374992616577
DMR160037,0.7785560205138564
BIO160007,0.6013503170942106
DEB180007,0.3851636365029216
AST180047,0.7634290588740783
CTS180020,0.45673653093123345
MCB170073,0.629019907997455
MCB170105,0.6650173812623584
MCB180007,0.7509426071524999
CIE170050,0.46299950339783597
MCB180071,0.6975911554343106
CHE190009,0.6715393239297345
ATM180019,0.5205115678623258
DMR150121,0.6411952327480127
ECS170011,0.3880131726233123
ECS180007,1.1866509226098618
AST160046,0.6528256349453113
MSS160008,0.7389741634718946
CHE160023,0.5673224046045842
ATM160002,0.5590253172020483
MCB170109,0.14950066896457825
CTS160034,0.5928995569450632
ATM160023,0.5957382489682862
PHY160027,0.7258578528813283
IRI180031,0.2233588787509685
PHY160056,0.074895572334444
DEB180009,-0.2169989809749866
CHE160066,0.7049136054985554
CHE170004,0.9256360851767327
ECS180003,0.3818018249523414
ECS180006,0.602149611944503
IBN170015,-0.0009306138926604701
MCB170108,0.6874609751775992
MCB170085,0.4789750692019107
BIO170059,0.6665659031077026
ATM170007,0.01066851110423761
CHE170062,0.8816816103684277
BCS180024,0.4954011157961895
CTS150072,0.6930152037926213
CTS170020,0.8593724855959413
MCB180087,0.7406506049021266
EAR170010,0.16104518820741698
ATM160019,0.4750748089520731
DMR170096,0.7194430395831324
MCB160178,0.6958741932794218
DMR160043,0.7214247484522673
MCB160048,0.9156978845957771
PHY180022,0.18954459094420184
MCB160119,0.8272717277374707
ECS170004,0.4494277859883628
CIE180007,-0.07105885224368291
MCB160009,0.8397850930697213
DMR170059,0.734498948216424
OCE170014,0.5460105826120581
CTS190036,0.5508207109666916
BIO170107,0.5587642418352385
DBS180006,0.6917803425098197
CHE160061,0.6795933004697404
MSS160009,0.6791626413653608
DMR170049,0.7724205758406523
CCR180027,0.40236174495006216
MCB180194,0.7142810574396706
MCB160072,0.8965311077327939
MCB160184,0.7212214855507293
DMR180005,0.6967494625244948
ATM170001,0.3655669061864252
SES170019,0.395001076155433
SES180008,0.45946417925279415
CHE160021,0.5642302243573767
MCB160170,0.6246945704583646
BIO180001,0.868049489139914
SES170021,0.30753236352213154
ASC170015,0.4253453177092818
DMR180086,0.8940677149174346
IBN180016,0.2842536326465722
IBN170020,0.7406513806087788
CIE180005,0.47451718939324067
MCB180121,0.745737192075401
MCB180161,0.8640162741716535
CHE170051,0.6315201281775612
CIE160029,0.6593737767569094
DMR180085,0.6687290936947887
ASC160032,0.3351030753327659
AST180015,0.5725777532249722
ASC160043,0.4634204409250252
CHE160059,0.7800132389944675
ATM180003,0.5077564741277865
ENG160040,0.707543050012671
MCB160037,1.0123633054481376
MCB160171,0.7752351596472344
BIO160072,0.7327739028977023
BIO170091,0.8518291385480571
MCB160068,0.8353057263217015
MSS180016,0.5963077995587328
ASC170034,-0.10583556635303182
CCR180062,0.25683875348816926
MCB170047,0.7649458233258735
DMR180055,1.0305871706036953
DMR180106,0.8106485321014564
DEB180023,0.267211915514299
IBN160001,0.22427672339169458
CTS160049,0.5477920094719905
CTS170003,0.4097461921732255
BIO180037,0.6243455297731301
CHE180079,0.811568456735345
DMS160001,0.5573228521514331
ECS180002,0.5545400868118099
PHY160043,0.5459374618164448
CHE170094,0.6723339899299858
MCB180059,0.527246353961828
BIO170035,0.5132839636122619
DPP170004,0.49277143721360483
MCB180127,0.5438259911023912
ENG180005,0.6381790481826788
DEB170008,0.3177270969883957
MCB170103,0.3059151946682914
BIO160081,0.48303392224772557
SBE160005,0.47043467574296116
CTS150060,0.655567675406782
NCR160002,0.5907792240995005
MCB180069,0.7032283108810022
BIO170029,0.5081696547200233
ATM180015,0.753019941311886
BIO170049,0.5365203108126001
MCB180050,0.7021021143009267
MCB180024,0.24291956297406075
CCR160022,0.5525968066525436
PHY160042,0.697962051969514
BIO160012,0.6992948239045137
CTS160006,0.6535989058558358
DMR160045,0.9208537740645246
ENG160012,0.6492821473220581
ENG160025,0.7291193153210747
SES180022,0.33836264689099554
IBN160015,0.4663781514527252
DBS170009,0.4696342777516353
AST180070,0.41195811464650134
BIO170086,0.5438860693564088
AST170045,0.7702665613898048
MCB160010,0.6541486260045547
IBN170021,0.29757751627613593
BIO160054,0.5308300257456239
AST180033,0.7377474221040901
CTS190009,0.3690077576583853
CTS180068,0.5430547364296078
MCB160142,0.4465017942539907
MCB160130,0.7345652139288994
MCB170139,2.890808827033916
MCB170117,0.5824707683150528
MCB180017,0.8156431832289146
MCB180175,0.6450371723149496
CIE160051,0.7730818749621438
CTS180065,0.49674955696320844
BIO160017,0.49374584739364025
MCB180057,0.3958307254827954
DMR160144,0.7281933594391179
DMR170044,0.7246872846889953
BIO160035,0.658415068563325
AST170040,0.701800714805658
AST180007,0.664264628911965
MSS160006,0.8840867426290426
CTS170007,0.8049830204547267
ASC180044,0.32564860588128774
EAR160001,0.46799500126880667
PHY160017,0.7811540993061232
MCB170157,0.804896259316685
DMR180031,0.9728076414884266
MCB160146,0.7307382448863974
CHE170067,0.39988847892668583
DMS160021,0.6884188857052831
DBS160001,0.20138121504445083
ENG170013,0.5007793378696433
MCB180041,0.5507078476429424
ASC180058,0.8037300350987916
ASC160028,0.5372837789658272
IRI180021,0.3095482560034757
CHE160048,0.44175572056724416
DMR180042,0.7733883648807255
MCB180061,0.6355759395269629
BIO180015,0.6949418655458292
OCE160007,0.5153290849036136
MCB170076,0.7241724753829579
DMR170095,0.7792808097204534
PHY170053,0.4008502965571938
ENG170007,0.7326539018716902
DMS170002,0.603966570776284
AST180068,0.36675272871499565
CTS160027,0.7026108308648203
CHE160050,0.7023251414903084
DMR170038,0.7412331518278267
HUM160001,0.6081802511374202
AST170012,0.818350203531033
BIR170003,0.46156005222085594
BIO170102,0.61892708832941
ENG160030,0.47000623319868784
ENG170011,0.5925157141530563
CTS170045,0.6495702833395802
MCB170055,0.41237685273669983
MCB160192,0.6471762510387217
CCR160019,0.3712398322649963
CTS160051,0.3977278290690969
ATM170020,0.7040031157819286
DEB160004,0.15791390615225193
CHE170022,0.7591002061306582
BIO180007,0.5878182075736413
MCB170067,0.46491283683083084
BIO180034,0.5924044676861179
MCB180106,0.49263316106020694
MCB180177,0.7172981983703649
BIO170101,0.7284014659368739
ASC160005,0.33946665715554264
PHY160035,1.0796685579747338
PHY160053,0.7719873618386598
MCB160029,0.6160747309839145
DMR160087,0.7456083178146496
DMR180026,0.6730506366117632
DMR180038,0.8871065900646025
CTS160008,0.9486513781858075
DMR160098,0.6806453101753709
BIO170034,0.561785199817319
DMR160025,0.7443488674717373
DMR160052,0.9195674043978856
BIO160020,0.6387964054812555
ASC180023,0.1516361775979959
CTS180010,0.5617631542496515
DMR160141,0.6905422454679659
MCB180188,0.5938191619743186
MCB180193,0.2122123207637151
CCR170031,0.4408357937253421
CIE160007,0.4839817108314083
DMR160060,0.7112059765738721
DBS160003,0.18154649056168454
PHY170035,0.7590385426910023
MCB170059,0.6839269256183831
HUA160001,0.3657273500418263
MCB170039,0.5118403940840422
DMR160042,0.8098625337311303
DMR160111,0.6733879334056281
DMR160041,0.5658059953075397
MCB160180,0.571749569786114
ASC160062,0.22912768479373685
CDA160004,0.32322692491389826
DEB170012,0.34532730768069525
SES160013,0.16727037159404468
CCR180020,0.4166887843729933
PHY180029,0.48332991884609516
DMS170011,0.4710528975734075
MCB160154,0.6691072857568223
DMR160108,0.6641895360990009
PHY170010,0.5000433104670386
CTS180043,0.6969879096849738
DMR180092,0.5275414185891
DMR180120,0.6998885769638644
BCS170002,0.45536898995422914
MCB160190,0.6499975661079266
DMR160137,0.7629875198108944
DMR180123,0.7113546996354793
MCB180034,0.6874426813916559
MCB180096,0.6319076573470075
CDA180001,0.6462722707011481
EAR180027,0.733379613290899
EAR150026,0.5915313307931291
EAR160013,0.5167354593881035
SES170010,0.39717802436647853
EAR160020,0.5510188301454533
DMR180124,0.7264657007721628
BIO170050,0.6684389930300842
MCB160138,0.7600119550411673
DMR160086,0.8039034414281074
EAR160011,0.41184299466993324
EAR170007,0.519309147565242
CIE160042,0.2760835445922268
EAR170005,0.493146273357202
CIE170031,0.7655590141237363
IRI180016,0.48363457512775815
DEB160013,0.24887138022158
BIO180043,0.4114934762795398
DMR160127,0.856313259858235
MCB160049,0.7701733365428645
DMS160019,0.5131765137608592
BIO170093,0.6960903147907938
PHY180038,0.5394523997850866
ATM160017,0.462772088732252
ASC170033,0.4921667839318208
MCB160156,0.5124236256392488
MCB170154,0.4761579237958985
MSS160033,0.5718712531233902
DMR170011,0.8497110344665147
DMS170004,0.618154912429271
BIO170018,0.5450186330365204
MCB180144,0.7602472129941741
AST160038,0.4416094654423465
DMR160093,0.7387102258274081
ENG170002,0.7957319376484566
CCR160029,0.3699160181045186
CCR170009,0.5454492804954302
CHE160073,0.7064759712573602
CHE160087,0.7864989476656379
DMR150101,0.8320147514492914
CTS160050,0.6185563816754555
PHY180024,0.33948813007405404
EAR160038,0.539008941491865
MCB160044,0.6585665557385807
ASC180007,0.1631720008861544
BIO160016,0.4318720115055994
BIO140007,0.560434667023448
BIO160088,0.6261473538785551
DMR170123,0.6525555308344013
CTS170006,0.809767154981491
BIO170062,0.6515049961863791
BCS180013,0.3548799286891446
ASC160029,0.3876387968551148
MSS160010,0.625072810380366
MSS170002,0.5878177586106732
DMR180107,0.6712164781811284
PHY160055,0.6059805647613044
CTS190046,0.4069764512900068
CTS190067,0.41897330973843233
DMR160142,0.8433151849877853
DMR160159,0.7645458490066404
PHY170057,0.46852492706673865
AST160053,0.6495297555325966
CTS170025,0.6557681147267448
CCR160017,0.3203596105471448
MCB170017,0.6988148020957851
AST170016,0.4873710714263323
CHE170096,0.6655873030383755
ASC160044,0.33115342472587883
AST150062,0.796078058065784
PHY180039,0.5348418984284303
PHY180053,0.7371371010310562
CDA180009,0.5612615605487382
PHY150043,0.6358532782178801
PHY160031,0.5091261952543775
ENG180010,0.4853060275982375
ASC180018,0.30899355212621515
MCB180117,0.6379640631468798
ATM190002,0.4380760775532837
DBS180010,0.43005301355900666
DMS160011,0.6033730281871795
ASC160017,0.35477425563715387
ASC180021,0.27710024931439736
DMS150030,0.7843762014612468
MSS180028,0.8180723640130384
MSS160016,0.8178483954530643
CTS180029,0.26108499708986727
SES160004,0.35537137560400633
ASC170073,0.36309933052256377
EAR150027,0.5656918989988428
DMR150123,0.7720933022775444
DMR160016,0.6325832262678911
BIO170092,0.7641005298274122
DMS160007,0.4984429064191205
DMS160010,0.6109516888399776
DMR160135,0.6276405937193309
DMR180117,0.746281029683169
EAR180028,0.4487934585404976
ASC160040,-0.05352440734342723
DEB170004,0.3680282680456196
SES170016,0.2875453145772901
BIO160052,0.3224115899421728
AST160021,0.6555856643881117
MCB180031,0.5804228048939379
ASC160015,0.5442925829240874
MCB160185,0.40189036929650934
ASC170006,0.11550993978696977
CTS170023,0.2898987623153664
MCB180205,0.5082786392472369
IRI180011,0.46869353418110116
MCB160059,0.9423297103465313
MSS160031,0.5827914968223108
MSS170003,0.8442033361773431
ASC180009,-0.0915652012916972
ATM170010,0.47667208378828285
MCB160102,0.770967513792764
MCB170011,0.8441019961870796
EAR170011,0.6004077846462339
DMR180101,0.7548750367117946
SES180016,0.3285007227195201
ECS170005,0.5948868458457781
CHE160045,0.7009344377517981
MCB160158,0.7193523693465063
CTS190063,0.37974731068968476
CHE170023,0.7335069084262803
MSS180005,0.5856832056255958
AST160010,0.6268844035078135
CTS170024,0.7968434841978741
DEB180024,0.3841740140432394
CHE170050,0.7309909646483935
DEB160017,0.3600210688150242
BCS160003,0.395334159557882
CHE170013,0.6710112953411032
DMR160182,0.48733045191434343
DMR170005,0.7256376830211743
AST170027,0.42288256609595887
CIE170019,0.2596503314888909
PHY180006,0.5306883420026238
CHE160003,0.8525912270381355
CCR150036,0.31763712974445124
BIO150073,0.6807958934443495
PHY190010,0.3996816291109578
MPS180002,0.6366899644165089
SBE170004,0.8221289534194188
DMR160031,0.8240426710113452
MCB160062,0.44787416936763047
CTS180009,0.4194016627771888
CTS170005,0.6577434109347782
EAR160041,0.5415916808414551
CHE160060,0.6935986365991352
AST170011,0.700478839110127
ASC160085,0.42384256718127244
SES160005,0.37000272633917136
MCB150130,0.7318629318677677
MCB160058,2.4618076727849942
MCB160027,0.7128576192610305
MCB160114,0.5722269651915086
MCB160101,0.8619559736370452
MCB160124,0.8807936699280103
MCB160079,0.6862537062046332
MSS160003,0.9285056749916434
ENG160033,0.6431998538890207
ENG160038,0.4954602579584165
IBN160009,0.3232283468719449
MCB160056,0.7802516893493875
MCB160002,0.6072960623495415
BIO160018,0.7796935334019875
BIO160050,0.820678288230176
BIO170009,0.8572436284632707
MCB170035,0.4649822715995247
OCE180013,0.9343907827551133
BIO160037,0.29473980503485275
CHE160034,0.7494229297160298
MCB180187,2.4033733651651135
MCB160148,0.4279221623124042
CTS170042,0.5832009734390156
CTS180042,0.7090500804347784
CTS180033,0.6316662673234301
CCR180013,0.2048519523179979
DMR160174,0.7201438698598301
MCB180149,0.5464969214326286
PHY160012,0.5803345263363966
DMR160032,0.6695650871563656
MCB180081,1.1288188473855303
CHE160008,0.963418405369334
ASC180065,0.5188479147275736
PHY170044,-0.04190436642080786
EAR160019,0.5810655898892472
EAR170001,0.3691107229410537
BIO170064,0.48027449983503145
CHE180100,0.7580896234330995
MSS170026,0.6237728782294152
MSS160013,0.7283637909716761
CTS170028,0.6872119530248552
CIE160005,0.7042072508177516
ASC180031,0.29952294215251923
DEB170017,0.31695134014013326
MCB180098,0.8275723076012101
AST160013,0.5962343279592579
AST160025,0.7177545319993808
DEB160020,0.3033610415421839
CTS170051,0.8443514266107075
CHE160028,0.6121180982711059
AST180013,0.4752023038273138
CTS180044,0.5199840179146248
CCR180011,0.20290140975939386
PHY170045,0.3176217939181482
AST170046,0.5561724127338112
AST180026,0.4609640810700608
MCB160166,0.7574503889341863
CHE160103,0.5711678237932691
IRI160003,0.5613261167790969
SES160011,0.30187659029594216
BIO160032,0.80732977812861
BIO170094,0.7626328519658728
MCB160187,0.5948056809412784
CCR170005,0.3894797267191294
DBS160004,0.45361561708430603
DMR160152,0.7231636195785869
EAR180019,0.5502622002400088
DMR160104,0.619375616459039
DMR180098,0.5610112158445811
CTS160011,0.6359692023494268
CTS160019,0.7634404126209329
CHE180048,0.6604553166827227
BIR180004,0.342055430540144
MCB180009,0.39142715818070156
MCB170029,0.565224881814818
SES160009,0.8290029427425036
SES170012,0.6248719301139738
CHE170019,0.8804566314059775
MCB180183,0.8199273499655437
AST160072,0.8126715184959241
DMR180049,0.7520711477036763
CTS180061,0.7747972629980242
ATM170005,0.4651203725472388
MCB160115,0.7338911962614413
MCB170089,0.7344405635674758
BCS190015,0.6537358373614345
MCB160116,0.5882411285207778
SES180014,0.4256660181481533
MCB160069,0.6256914408826751
DMR160125,0.7321158730420416
DMR160155,0.8560201110032545
AST160056,0.7621209245840244
AST160063,0.6399637030255693
DMS180018,0.4278531241235492
OCE160019,0.5460713789111962
AST180071,0.36789071351590735
SES160006,0.4167612336751212
IBN160004,0.5302761637809768
CTS160064,0.6883757154934497
OCE160011,0.5005911615440172
OCE160015,0.6250598749999798
MCB170161,0.48113512839862405
AST170005,0.5671950626920126
DMR180099,0.445441118624082
ASC180002,0.07202645434146826
MCB170081,0.769942299190591
MCB170095,0.8077574377583658
ASC180055,0.7575556499932775
MCB180113,0.7032663174546575
DMR160132,0.5867461181501422
PHY160051,0.7493658093633784
BIO170020,0.1426109241141681
DMR170018,0.06521597697548454
ENG170010,0.3442791769766113
ASC150045,0.5140615951970803
CIE170048,0.20253920340959486
MCB160013,0.8272595900033317
MCB170160,0.6066370391329693
MCB190015,0.6875598683249955
EAR180021,0.5325718458470207
AST150074,0.5716852169930442
CCR180056,0.574329783853809
DEB180008,0.4336031378160764
DMR190008,0.750828053241663
MSS180017,0.6508801301361579
CHE150069,0.7671483968088861
DMR170021,0.6261819640617426
CTS160003,0.6008373053418679
CTS160043,0.7767451120369686
DMR160178,0.8252499621108158
MCB180130,0.5611010497195313
MCB180137,0.7015514773981657
OCE160012,0.5455695491979217
AST160003,0.8595257603199087
CTS150062,0.856543648933021
ENG160021,0.6253708793198407
MCB160083,0.5358279040147949
PHY160007,0.8396472707563676
AST160006,0.7004536239419299
CCR180041,0.1825288922208958
ATM160020,0.447005376542303
ATM180024,-0.07324082047725156
DMS160004,0.6315840210409953
DMR180062,0.7230976855831243
ASC170022,0.3755947856834276
CHE180066,0.6673870618470552
CHE160100,0.6404623673991694
SES170001,0.5335009300543034
SES170011,0.7066745749541008
ASC180010,0.12785864386893198
CTS150054,0.8878839733912389
CHE160093,0.8619542947286902
IRI160002,0.3404847345596011
DBS160002,0.5158268161100257
ENG160024,0.971539329442935
DMS160031,0.635882870305905
DMR170027,0.5047796048979489
IBN170017,0.5512686963343402
AST170041,0.5115195824817402
CCR160018,0.311542014221546
SBE160003,0.3115996511397714
ENG170006,0.5115045723803578
DMR160082,0.673163549655926
CTS160001,0.5820608323308607
CTS160010,0.847845797542083
DMR180118,0.3067683923092463
ENG170025,0.5297189329879882
ENG170029,0.7418428634435337
ATM160029,0.6440602740937148
PHY170007,0.469221602624172
MCB160065,0.7181101009876057
ASC170075,0.2536657148062387
OCE170022,0.717245030633945
CTS180064,0.4629824456551767
DMR160036,0.628125895274116
DMR160048,0.8534815524884803
DMS170031,0.6925126023545417
CHE170018,0.7900014674456719
AST180035,0.6128982340879716
DMR170015,0.816415890314268
MCB160204,0.5959173914241603
CIE170007,0.6324336686810005
CHE180073,0.14213303892983364
DMR170121,0.5736612681472143
ASC160079,0.7059282437438794
MSS160019,0.49103149640905125
ASC160013,0.3231262765148017
MCB160033,0.671449751763723
CHE160083,0.552047515564151
BIO170088,0.7154592017665342
MCB180004,0.5618668837767358
BIO170037,1.0309396472939931
MCB180037,0.7064637660860027
PHY180015,0.043467242523376304
BCS170007,0.5614536268385734
BIO170085,0.3313675605550588
BIO160074,0.7618001294838896
BCS170001,0.3732825567085328
ECS160007,0.4785929853656439
MCB180006,0.5042450195759884
ATM160003,0.44931468200779284
OCE170015,0.3448957582625297
MCB160061,0.5916626258875448
MCB180027,0.4663557851304191
CTS170038,0.6572085581033302
CHE180045,0.784062174632765
BIO160029,0.5139205475178229
MCB180042,0.467092806294933
AST160067,0.4406495225531405
CTS180011,0.5085689095647983
CHE160033,0.7597744317947375
MCB160123,0.8466412211178508
ENG170003,0.3289024559892283
MCB160186,0.8190207698171503
MSS170014,0.539416810613056
MSS180001,0.4669701067047266
ATM180013,0.4487785464037921
DMR160021,0.6040293163804145
ATM170004,0.38780602974412715
CTS160037,0.7602370643436153
IBN160008,0.2884011319115041
MCB160054,0.029108493485141218
DMR170037,0.5256352363487052
DMR160047,1.0632760368612342
DMR170039,0.8230432508037804
SES160001,0.259897751665285
CHE170011,0.6931301779296818
BCS170003,0.48418316444335785
MCB170096,0.8099215126332924
CHE160072,0.73860708756635
BIO160022,0.498827129205603
CIE160050,0.5354718306644622
MSS170020,0.7160151683329963
CIE170004,-0.0027099338017363417
MSS180019,0.49906500670934734
MCB160191,0.5464036581502497
SES160014,-0.014117379527204266
EAR160014,0.37529681527463543
CCR160023,0.3977548445997666
BCS170010,0.42730805808016736
ATM160016,0.5055098846523128
ASC160069,0.6084812028950166
ENG170017,0.39977674583766515
ASC160023,0.6000474179699776
MCB170050,0.39142715818070156
DMR160084,0.6154220342690112
CIE160016,0.32417202364533837
SBE170001,0.34598731233074936
CTS180056,0.7427684964302875
IRI180003,0.37064849673172473
BIO170110,0.29274729803373145
MCB160147,0.2682457686792567
CDA180008,0.34126119949353717
CTS170054,0.6707547887579339
PHY170013,0.439522217587467
CTS160030,0.4131951276701923
CIE170028,0.3726205913344657
HUA160003,0.35034099147012226
BIO160009,0.37592222179904133
BIO160065,0.8235397653380181
PHY180008,0.3194889868471915
PHY160010,0.6781362624762409
DMR160039,0.6721183312100993
SES180019,0.453735258939263
ATM190011,0.44312810628154264
ENG160006,0.6356118996958565
EAR160006,0.5669223819646173
ENG160019,0.5772015863433861
ATM170006,0.5447605336586963
AST160050,0.2919064548248465
ENG160018,0.5599998299902391
OCE160002,0.535761805623282
ENG180003,0.4862851935678415
CHE170035,0.7721819687400266
CIE170013,0.33120139343589367
DMR170127,0.7387189370316526
DMR180009,0.8171202689093595
DMR170031,0.8453731624229432
CTS160031,0.43173700414273175
ENG170001,0.4008122384698383
BIO160080,0.4192023495862123
BIO160019,0.40442179757325225
BIO160042,0.3921758584050095
CHE170073,0.7270757102977478
DDM160001,0.49274296171686827
DDM160004,0.3621291477611225
DMR170098,0.9364854198541985
DMR180105,0.6736227533244642
CHE180041,0.7620621362160165
CTS180028,0.31465312474346946
CHE180036,0.650873793552567
CTS160058,0.4896598884296987
CTS180018,0.6346811622971165
MSS170006,0.46328440259561443
MCB170068,0.7104595235580343
PHY180019,0.3131417982442676
SES170009,0.40252650950090674
IRI170007,0.1888880772258673
MSS170019,0.42571616270243395
DMR160019,0.7773906846792803
PHY160049,0.6427024480838276
ENG170033,0.5058563800305994
PHY160020,0.31935499326373046
MCB160047,0.519555045828661
AST160012,0.6576330941903794
AST160026,0.7357641039663085
ENG150034,0.8620609823321571
CHE160069,0.8231063079645249
CHE180029,0.6982475644827635
MCB180138,0.5755850069602327
MCB160133,0.7161145292216095
MCB170140,0.737390283455968
CHE160097,0.25050927911050314
OCE180015,0.5932819973514246
MCB170001,0.6040783545125229
BIO170056,0.6988671368785405
DEB160014,0.3671247529507338
MCB180002,0.6872445436718226
MCB180046,0.8149808350519894
DMR160035,0.6976562692445938
DMR160162,0.8457277988153591
MCB160151,0.7380547465523701
CHE180012,0.7184029145573065
EAR170013,0.5205115678623258
EAR180001,0.6324959567366675
IBN170022,0.31118322772066354
EAR160002,0.5128340945734674
DEB160018,0.46828434444984446
DMR160179,0.522284011380911
DMR180119,0.3028349562388647
AST180006,0.2588909076567824
ATM170013,0.8587678302792181
DMR180063,0.5690343331571784
DMR180076,0.8785510121613066
DMR180015,0.8797024506300355
ASC180033,0.5442471412547514
AST160051,0.7156928701032828
AST160064,0.4692258174940127
ECS150009,0.6275851341636097
CCR160026,0.2731997722474837
IBN170001,0.2180569201625474
DMS170008,0.7050968391398411
BIO180027,0.8003858473726215
MCB180107,0.6422519135677744
DMR180029,0.7209243865962044
OCE170002,0.5167500503583438
CIE170037,0.4694828060803952
DMR170067,0.6684100344214113
DMR180003,0.7639420880344346
DMR170036,0.620473589650173
CTS160014,0.5208176061228622
CHE160042,0.6622316698900845
DBS180001,0.4812320961837919
MSS170011,0.570876906890418
CHE160092,0.6802753131506545
CHE170058,0.7012110295220364
ASC190026,0.154051231631736
OCE150019,0.402248735806059
ASC160056,0.5661754773686
DMS180040,0.4330131313250881
BIO170053,0.48457215267460507
PHY150040,2.607091829741534
ENG170015,0.5427952753749372
ENG160005,0.4342048871832974
CHE170080,0.2449375713175404
IBN170014,0.20565899638689827
DMR180060,0.6713110140534473
IBN170004,0.41167718910276285
ASC180062,0.19197177230930412
BCS180001,0.4183659908865743
MCB180011,0.7340408480371228
MCB170129,0.8924475661101012
MCB180049,0.8816482578220457
CDA160002,0.687104095439479
ATM180018,0.3591073551925362
MCB170030,0.6940593838236224
BIO170097,0.6633430247494102
EAR180004,0.21360356639371864
BIO170006,0.6587878825757773
EAR160023,0.5745745326755229
EAR170019,0.7486948248086442
CIE160031,0.5332020028013418
BIO170089,0.3739995984188121
CIE160041,0.38941200949934757
ASC160077,0.3236450802881129
MCB180151,-0.00014101489991646954
AST170022,0.7543921614869267
MCB160100,0.62890058410488
MCB180039,0.7800560149623321
MCB170164,0.6306014174044927
MCB180020,0.816047087390045
MCB160111,0.6196732966695814
MCB160008,0.517954602862625
SBE160007,0.3696279904911109
MCB180093,0.5333599430068783
MCB180145,0.4478058914782663
MCB170036,0.5964767245982437
DEB180020,0.4346951146318352
AST170008,0.7771522939354657
MSS160030,0.6171669416134796
DMR170066,0.6537749837391876
DMR170109,0.8395417188042075
ATM160022,0.42667100604032915
DMR170053,0.6709820377024999
BIO160025,0.6592306112100687
BCS160004,0.44312500638239727
CDA170004,0.40952415153194976
PHY160061,0.5376459187790774
NCR160005,0.5418408526728054
SES170004,0.4390798777847251
ASC160073,0.3402241658578225
DBS180002,0.1790689219468845
ENG160034,0.6122356083229973
DMR160003,0.5987513300715568
DMR160057,0.8006349665043477
CHE170025,0.5528766219397214
CTS150063,0.7224631927862186
CHE160017,0.6044593966075871
CDA160009,0.6836850022140223
CDA170003,0.9573367769163235
DMR160140,0.4877587572445268
DMR160138,0.5660535528228178
DMS160005,0.1559146063344964
CHE160080,0.7677796361243882
CHE170031,0.772475199755256
MCB160132,0.35680342774305446
PHY180056,0.4395007313261644
AST180045,0.30206225122511554
CHE170092,0.6281176353217148
CHE180003,0.7804753560183189
MCB180089,0.13694004049401975
MCB160042,0.5990399730730479
BIO170039,0.6183351782825444
ENG160017,0.6522360312596267
OCE170008,0.25854483839068954
ASC180001,0.38512592620012903
MCB160112,0.5930813317949339
CIE170020,0.44633242675265766
MCB180095,0.5672706764291654
CHE190033,0.24847443104499078
CHE180080,0.13386156065780053
CTS180025,0.5808697514932204
CTS180037,0.6854916356382815
MCB180062,0.5957569507960104
DMR160121,0.7827117894991236
DMR160022,0.6236755702976496
DMR160173,0.7695557878338902
DMR170010,0.671205248828996
CCR160006,0.42772271473464213
ASC180036,0.31689281279527054
IRI170006,0.503913650300001
CCR180057,0.19452766108478575
DPP170002,0.5634697937918757
MCB180128,0.4284937285459839
DMR160080,0.8211244811991958
ASC170028,0.6016429433980118
DMR180047,0.605957474057066
DMR180071,0.7643603209463581
AST170025,0.6675154817904498
ASC160025,0.21868507975543455
MSS180026,0.5427564657266523
DMR170054,0.6206465363139516
CCR180004,0.3986321626500133
BIO170014,0.571635120031085
ASC160016,0.2176683241683034
CCR160016,-0.09014955922301549
CCR160033,0.3083261224759669
MCB180079,0.5411804189618545
CCR160014,0.42974757792967155
CCR150033,0.4134497593137456
DBS170003,0.3375876428331325
BIO170103,0.7547892345321765
DMR170084,0.5518571500864564
EAR160024,0.36069573646886033
EAR160027,0.5982876229681028
ASC170023,0.6405590496353953
DMR160099,0.7937569913739415
DMR160156,0.6965601927909348
DMR180088,0.6522207369873732
ATM180014,0.5485948339259954
BIO160021,0.8838535649438801
BIO160015,0.6132751590433912
BIO170027,0.6801396179358838
CHE180097,0.5469904692893491
DMR160018,0.8121271865947621
DMR160151,0.6883944842471049
CTS150061,0.6602086182673585
PHY180059,0.6438831375220457
CIE170005,0.5093466781437869
DPP170001,0.6079940141204982
CCR180066,0.18063651937267167
BIO170051,0.748529368347308
BIO170043,0.664014373086545
BIO180010,0.5637469268214463
AST180016,0.6899206334801269
DMR180067,0.6991885112942154
DDM160005,0.5690148236471795
CTS160052,0.563579129186245
CTS170008,0.5891645057087768
CTS170043,0.49058552337043654
ENG170031,0.7042404474982414
EAR180007,0.3561505163299458
CHE160019,0.7344511904962463
MCB160092,0.40673309126225254
OCE150016,0.6745850502182349
ENG180011,0.5966963125077183
OCE180003,-0.01069258638448689
OCE190001,0.6403291859512728
DMR170099,0.7899233408565023
CHE170054,0.544687238908508
CHE160014,0.7022366705306484
PHY160016,0.6953524650485553
ASC170004,0.31717309324586707
MCB170037,0.5986648342609111
OCE170016,0.39053909685784105
DMR160192,0.7020081857453052
CTS170012,0.571311888578782
DPP180001,0.4605857571913794
MCB170027,0.4901158846125453
DMR160092,0.5218429173236669
PHY180047,0.6175815792358555
MCB160162,0.6368323856015286
DMR170108,0.7475879684718741
MCB170057,0.840950607228378
IBN170013,0.3665133006137809
ASC180024,0.16891151770061275
CIE170051,0.4411083327795994
DDM160002,0.7224558569547478
PHY180025,0.47927650667204474
DBS170002,0.35826934610894434
ASC160083,0.5314261858040494
EAR150025,0.6215781542730499
OCE170013,0.7099663842441962
ASC180029,0.07233778635062527
CHE160065,0.71403087260043
CHE180092,0.811182141104707
MCB160176,0.687661441931512
MCB160098,0.6773117393288411
MCB170009,0.8326317855166614
CCR170012,0.360790215359911
IRI180026,0.11715537609276738
CIE170053,0.31807003008571494
DMR170080,0.8266417850432579
BIO160058,0.6951250617467242
CHE160081,0.7046046541447627
MCB160103,0.563778965024523
BIO180019,0.11286084995792778
CTS150058,0.7777140096911065
EAR170021,0.48052519825228446
BIO170041,0.7629304938737828
MSS170008,0.6205873399230203
DBS170013,0.41585237393136987
DMR170045,0.6079765675156806
IRI180012,0.2716657627758479
MCB160067,0.826021711976231
BCS180010,0.44547594806920615
CTS180050,0.8099427060334797
MCB180030,0.6387807074048212
BCS170009,0.419219652270636
MCB160023,0.6966276299079751
CCR180015,0.28257846919233737
MCB180083,0.39399147745476243
PHY160024,0.7292521552877662
EAR170020,0.38498710585194607
EAR180025,0.6629362398337452
MCB160104,0.6047226313566496
MCB170143,0.4833437049684249
MSS160029,0.42162590558808266
DMR160131,0.7189679094201299
PHY170036,0.7721330988865678
PHY170043,0.5413090101425124
ECS180010,0.4499757271218966
BIO170081,0.8026536530402322
DMR160006,0.6063468987606178
DMS160015,0.3797853519748881
MCB180001,0.6524694578619952
MCB180043,0.7802115010966173
BIO170019,0.5565023354318682
CHE170079,0.4456692300406387
BIO170026,0.5675078996514312
DMR160062,0.8812036574552942
CHE170010,0.7490360646556625
CTS180013,0.2778964459900276
BIO160064,0.7382883539906397
BIO180009,0.7957047980660412
PHY160041,0.7377314313664376
OCE160006,0.4180433917777921
OCE160013,0.688411331060395
MCB180036,0.6990839483527614
DMR150100,0.7334880165095735
ENG180012,0.08514349905057594
MCB170034,0.6447290401403143
ATM160026,0.8516603832798524
MCB170122,0.6684959917188443
OCE160020,0.7329663648409331
PHY160039,0.5581709987674653
DMR180058,0.17148547605922237
CHE160015,0.6195403081024494
AST160069,0.8054331794044745
ATM170026,0.5779300324059612
DEB180017,-0.15692496426551827
CCR180010,0.40937060988535884
ASC170018,-0.03982359647078826
OCE160023,0.7161591403282693
DBS170006,0.3441480904280656
BIO180031,0.6578544912257611
MCB180191,0.6990457975426438
ASC160012,0.567790842502797
ENG180001,0.6867338953345792
CHE170041,0.5229399757718356
CHE170033,0.5833831494636711
ATM160025,0.6095706585336206
CHE170064,0.884561233289298
EAR160029,0.7374657945789223
AST160054,0.6943797117925475
MCB180105,0.5654955483535546
MCB180157,0.5919532405135765
MCB190009,0.6144300168627936
CTS190023,0.4846681562027727
MCB180058,0.8476875355757276
DMR170061,0.5412855009794827
CTS160004,0.48973506012187557
DMR160030,0.7389650041240561
PHY170042,0.5535102494723341
DMR180037,0.8190681022630464
PHY170021,0.7034060984419586
MCB180204,0.7768143106486584
AST150059,0.7608856438893004
ENG170022,0.5101141372477821
BIO170066,0.5340393863416124
BIO160041,0.2940319862044551
MCB180126,0.7316160384738638
ASC160037,0.2544729339275117
DMS160025,0.6194949269690134
DBS170004,0.5020279541511733
CHE180004,0.43881485430910694
CTS170041,0.5296857812899719
CHE170069,0.6572978504858277
DMR160051,0.7837985017614341
MCB170049,0.4978713336557389
MCB160011,0.6723353793674006
MCB160045,0.666179104420399
MCB160127,0.7603250751840972
DMR150112,0.9976832301221689
ASC160063,0.7750261471467743
ASC170021,0.6453717182412975
DMR180048,0.6784948635381703
MCB160030,0.7192833294593106
AST160042,0.6153147066155976
DMR160040,0.9283575356088523
EAR180017,0.5664732819668241
CTS170046,0.3300433430154765
CTS170018,0.504262553698401
MCB180155,1.963949188340876
OCE160009,0.5468996490615948
MCB180129,0.39342450711189675
PHY160015,0.6125818575833492
DMR160118,0.6098208283169702
MCB160051,1.022697962510498
PHY190003,0.5972009122981009
PHY180026,0.5866229662164196
ATM160021,0.4459109606080778
BCS170008,0.5159957948414671
CHE170017,0.6758907935519044
CTS160054,0.47377824676766456
CCR170011,0.38696285387165574
ENG160022,0.567029771100374
OCE180012,0.43101286256155624
SES180013,0.35199276446769256
AST160036,0.44508745845628894
DMR180108,0.7821907629408376
CHE160036,0.6685964962130847
BCS160002,0.5812709722785478
BIO170025,0.4579836305107955
MCB170045,1.0908201489066853
DMR150125,0.7669846924352314
DMR160044,0.8599923537775472
DMR190079,0.988100575893968
DMR190106,0.9225633226526009
MCB170152,0.30075652275344966
MCB180172,0.5446797392346179
CHE170077,0.6803423031759805
PHY180057,0.4105692558490581
PHY180005,0.7954508357074448
OCE160001,0.647862878200447
ASC170049,0.19256498264114835
MSS170005,0.5681803493473456
ATM160008,0.5340888449202262
CHE190015,0.7420581496402141
DMR180122,0.7407009417399992
BIO170075,0.8133799826699174
MCB170114,0.5005972313594971
MCB180013,0.7309139677041855
MCB160016,0.7527552366151782
BIO170036,0.5162314782984444
CIE170049,0.28806885464938103
DMR180052,0.5968393970709941
PHY170018,0.5635977735996359
CHE170099,0.6239795662742429
CHE180024,0.566978636326361
CHE180008,0.4981183595303361
DMR180111,0.6112251199392502
DMR180043,0.8885773392442073
PHY180027,0.5888688362280559
CCR160010,0.3835571148033247
ASC170036,0.33308614221982613
BIO150063,0.7232208155361788
CTS180035,0.33695055839321814
ATM160014,0.8849090205967507
MCB160094,0.6378010129432401
ASC160080,0.3670407929514907
PHY180033,0.7506604977492894
PHY180016,0.8129314626629796
IBN170016,0.4426828492855647
BIO170098,0.6381452672056726
BIO160048,0.5272814197905935
OTH150007,0.6119706594605919
AST170036,0.8824353769605784
CHE180010,0.623260392618905
DMR160191,0.7594122884293888
ATM160004,0.6473777096721266
DMR170085,0.8120013539766756
ENG160028,0.6231811150485346
CHE170074,0.8754944748747914
MCB160108,0.6991592344730169
MCB160121,0.7286597888561687
CCR180006,0.49747103633056705
CHE180018,0.6600995319976052
DMS170013,-0.04666148578190965
DBS160006,0.3141392176361145
ASC180025,0.18750198657571715
AST170017,0.5712153814844992
CTS160047,0.4478547762833436
CTS170009,0.6959232236090844
CCR170001,0.4931147639265294
DMR180020,0.7956857651497455
DMR160012,0.7314778434098708
MCB160088,0.4988468192585941
CHE170097,0.6281176353217148
MCB170100,0.4476169070531574
ECS160003,0.6746932373020454
ASC160068,0.3877686485435951
DMR180004,0.7796934735350001
BIO180011,0.605184809924977
BIO160026,0.8155888580943456
CHE170082,0.3249094447894471
MCB180055,0.8420671790937344
MCB170040,0.6147304804214818
CHE180075,0.6904334517901822
ASC160041,0.5724958373907345
PHY170016,0.9731631248738812
MCB170110,0.8472233193755871
ATM170011,0.4862605739748475
BIO180041,0.5856226117569848
DEB170006,-0.05322792727848635
CHE160062,0.2565850205481993
IRI180023,-0.05769114804100084
CIE180020,0.5497193357277991
PHY160040,0.772726680218608
CDA160006,0.4430300977827737
DBS170010,0.4162974287838924
OCE180005,0.5211241692652595
OCE180010,0.6615819594772342
DMR170034,0.7007093825118336
CHE160096,0.5223739218539487
MCB180028,0.6472261896172258
SES150021,0.3211560556728056
PHY170051,0.5419245795056375
BIO170071,0.7420221577204146
CHE170048,0.6720569631170308
CHE180007,0.726765789130169
MCB170148,0.8182412904853682
CHE170047,0.692767874987982
CHE180057,0.8720675155955003
DEB160005,0.46667640527930754
AST180041,0.8211085220143219
DEB170018,0.22940915003010287
DEB180005,0.46038212707692494
IRI180013,0.5042546467474535
MCB160019,0.403173851071372
ASC160074,0.22186094307344562
CCR170013,0.26653198234420467
CCR170029,0.4481533514203857
ASC160033,0.4061532148300843
ASC160067,0.41646041545087886
MCB160087,0.7153972937315084
PHY180063,-0.04699903338589695
EAR160010,0.41889803125356384
EAR180008,0.41615627100783925
EAR180026,0.5367199399332914
MCB160024,0.6293379345698851
PHY160025,0.9174409859807828
CHE160010,0.7324160702984704
ENG160003,0.7222575109656536
CHE170014,0.6837536318233577
AST170002,0.5219791226262878
ENG160026,0.710274787424075
CHE160001,0.7685434986826395
CHE180030,0.5060133581633199
CHE160051,0.5961269540546835
DMS180028,0.32760147245067117
CIE160038,0.5203804965500485
CHE160043,0.662361440175518
MCB160109,0.7507600827713424
ENG160042,0.5328125670068407
MCB170124,0.43451469145581245
ASC180061,0.3959453566528523
CHE180077,0.5731560080485438
CIE160023,0.4159618533268246
DMR170086,0.6081136792058295
CHE180017,0.6743762794586481
MCB180123,0.29670829838783924
ENG160020,0.57856458460885
ASC160024,0.3055594252887266
ASC170040,0.5252092620031878
DMS180012,-0.06857127691077158
CCR170018,0.5524840364110373
PHY170032,0.5824692128203045
PHY180014,0.732652244567204
DMR160124,0.971488280078342
MCB180164,0.5098848032880281
DMR160100,0.7465675970949612
DDM170001,0.42907346724191664
BIO160051,0.6100309704606072
BIO180012,0.6656021431420782
BCS180014,0.555713650964082
ECS180012,0.6287837628934067
AST170044,0.5962648464832282
DMR170035,0.6971317339135572
AST160016,0.5746054134668922
MCB180198,0.5770342385266504
ASC170045,0.5651398651282113
MCB180135,0.9016401575204886
MCB170113,0.7676991794095583
MCB180010,0.7997405444732577
CHE170027,0.5587800673892215
CHE170086,0.7871921306773209
AST170035,0.5096903301248843
AST180039,0.6985133914618299
ENG170026,0.4590094282691888
AST180048,0.689926401348676
AST180059,0.8174993591377469
CHE160047,0.7099083603242318
IBN180012,0.3211378683060156
AST160058,0.6098630489614271
AST160062,0.5901293331267626
ASC160052,0.37739722163786443
BIO170003,0.4795957883501881
MCB170130,0.6517709254193669
AST160043,0.7506272577267497
MSS170010,0.34796330494280175
ASC170032,0.32623687995688555
IRI160004,0.6649263056515619
MCB160172,0.5811932965829568
DMR160133,0.6042271965964431
ECS160004,0.6012827663689038
ASC180056,0.6774848475965483
CHE180052,0.6305711127462061
AST160048,0.7563543089282561
CIE160004,0.27416058949765193
AST170034,0.76432186426425
DMS180041,0.61355213849713
DMS190003,0.5568047936999022
DMS190018,0.6177865127694534
DMR180057,0.6704242901111213
DMR170087,0.7332803487079533
CHE180011,0.9539893057195892
CHE180053,0.8226064896692207
DMR180093,0.919336005449414
DMR180125,0.9898497598855202
BIO170073,0.5443129072566946
CHE160070,0.74517403824061
CHE170089,0.9050338023653977
BCS180011,0.6180053420725888
ASC150046,0.6099968335596584
ASC170020,0.639129288022982
CHE160064,0.6696223156776924
PHY170027,0.529933104336605
PHY170049,0.6199435671282049
MCB180148,0.66610841743083
IBN180007,-0.10511246410026398
AST180029,0.6365955796456958
AST180057,0.8351833806637211
CIE170033,0.3043510299323735
CHE160076,0.5863962254182106
CHE170032,0.8377208015196494
CDA160015,0.38613398624920586
BIO170090,0.8447731069530002
EAR160018,0.5674002339975042
CTS160016,0.6579811857050257
ENG160001,0.749370879916631
ENG160011,0.6266479044985362
ENG160014,0.5440171753894739
MCB160117,0.6743904860144407
ECS180004,0.5321554578608102
SBE180006,0.37392038165700675
MCB180112,0.4389655271144045
MCB170079,-0.07419163101926152
DMR160177,0.6950725923863666
DMR160175,0.8271740582413797
OCE180018,0.5251607296047058
CCR160002,0.32749777944553266
CTS190044,0.7186236322730947
MSS160018,0.516124901904993
DMR170014,0.5811122405989487
MSS170018,0.5488436803799273
AST160061,0.8188784926246067
CIE160048,0.4201139559316911
DMR170024,0.6340661698229798
PHY160045,0.5005457597178671
MCB160157,0.5432898268719505
CTS160066,0.4796890590792308
DMR170013,0.8508245075140437
DMR180082,0.588707494232209
MCB170158,0.7950488118562096
ECS160001,0.606970926450642
MCB190104,0.7840830256546518
MCB160208,0.7185557149640645
ATM180016,0.36063842232655496
MCB160084,0.5731682800364328
CHE180055,0.4064833584697214
MCB180186,0.5161987244343652
DMS170018,0.7922774931305107
SES180002,0.4841313092167887
CTS160012,0.518548587877051
EAR160028,0.5634777064781653
CHE170045,0.6654622478754721
ASC170055,-0.18362649609386683
ASC180013,-0.1998440116398189
AST180020,0.4244931425945647
SES180005,0.2243906052232172
BIO170067,0.7187769735784575
MSS170034,0.7508304770919187
DMR170065,0.9179885253690391
DMR180013,0.8265033677074912
CTS170001,0.7397462359589648
CTS170035,0.8344616504203385
CHE160031,0.6044013167531159
ASC170048,0.37583396832242605
MSS180018,0.6439969194696274
CHE180042,0.6192232786683354
AST160019,0.6581714231828467
DMS170012,0.5541642365005266
DMR150128,0.6748996415789693
CHE180040,0.4064833584697214
EAR170016,0.24808080201793975
PHY180013,0.7077030269576023
MCB170115,0.5596772819440087
MSS170031,0.18869424138595742
AST160041,0.5401533217017012
CTS180027,0.594553034770659
CCR160004,0.27415514924793877
ENG170032,0.5621848687762196
CIE170058,0.3902660977510915
MIP180002,0.5206010030337274
DMS180003,0.39679056436769106
DMS160018,0.6378025911537906
CTS160069,0.6459068930323729
BIO180026,0.5566187505824682
SES170025,0.43091203981272364
MCB160165,0.6855184528348752
CHE170005,0.9470797409148131
IBN180011,0.22008158726928645
OCE170006,0.5279884669850169
CHE170008,1.1004400348768342
MCB170137,0.34190104277489813
MCB170118,0.4179090956742316
MCB180016,0.7608123335973044
CIE160011,0.5506077083431091
CHE180098,0.6431041775160775
MSS180013,0.5889279904537383
PHY160037,0.47499928464536223
MSS170022,0.6339694850918572
MCB160003,0.670334778203708
MCB180025,0.5173650307161402
PHY160022,0.6714146736571732
DMS180042,0.3154887908894903
CHE160025,0.6136349879322649
DEB180004,0.11383470162147347
DBS170012,0.3567545433274147
MCB180033,0.47349574980277964
CDA170010,0.5713469841985054
EAR180018,0.6230772495243697
EAR160007,0.5484506432635466
IRI190008,0.3824894711969576
PHY160046,0.049588696748796735
MCB180029,0.7379435840852445
MCB180045,0.6020992118530708
BCS160005,0.5455239649968855
ATM170032,0.0026760539207841827
DMR150098,0.8048755042274189
MCB180122,0.3739830729895521
DMR160193,0.6275161300339783
MCB160093,0.7724524341119721
PHY170028,0.5357334423337881
SES180001,0.20997684722176768
MSS170029,0.48625823469786766
DMR170082,0.6688155000436194
MSS170012,0.5066800742470657
CIE160013,0.5330876015636148
MCB170142,0.7837550803903822
CHE160091,0.6466140023546857
CTS160073,0.6783567118010555
MCB170097,0.7937263699288953
CIE170015,0.4180365247049579
BIO170023,0.7238847583344686
DMR160085,0.637265474334204
MCB180040,0.744900926197337
BIO160062,0.5018768362157233
CIE170009,0.5446023468196607
CIE170024,0.3003263213729919
BIO170065,0.8236751658523076
CHE160052,0.868042575278483
PHY180037,0.28738045097887077
ATM160018,0.5276626491798286
DMR160102,0.7072795767786676
BIO170074,0.5275815418320845
PHY160052,0.8160759856930365
DMR150103,0.8477223099055857
AST180008,0.7466969910320159
CCR180025,0.18158567316594898
PHY170012,0.575971986758255
PHY170037,0.8695527881579435
ASC180034,0.34681786256195046
ENG170005,0.403258520737084
MCB150137,0.7895351979351352
DMR180089,0.6234220997974372
DMS160016,0.8875743201681481
CCR180023,0.5349936580430132
CIE160039,0.9323211407787023
PHY160044,0.5500109629120435
DDM180003,0.40307349274146487
IRI180008,0.4314473337212314
CIE170055,0.6117601198724658
IBN160012,0.1845903886173021
SBE170005,0.41218963724404745
CHE190014,0.7460202573816765
CHE180064,0.765259524007311
DMR180090,0.6947208977693221
BIO160077,0.3872305667539036
AST170043,0.620341935670173
AST180025,0.7305909626941456
PHY160038,0.358745616094149
ATM180004,0.191208807835545
CTS180021,0.21392086661815335
MCB180197,0.6890772967610372
MCB180068,0.4295076233627469
DMR150102,0.7112145623770528
BIO160086,0.4158327961695849
DMR170029,0.5680634539177852
ATM180020,0.14791380276267785
CHE160009,0.8827627091816177
CHE170001,0.519100088444418
CHE170049,0.6781272284435005
SES160008,0.3717155154025574
MCB160034,0.880204209714677
BIO170045,0.6565247901545144
AST170028,0.7141388835867635
ASC160047,0.5626128797362765
ASC170044,0.5455452258856636
MCB190006,2.812467301622931
MCB190044,2.4924108507270533
MCB180199,0.8532855243579157
CHE160002,0.549978423821568
DMS160024,0.5561337368731383
AST180053,0.45629163135302786
CHE160007,0.7337734928934583
ASC160064,0.17641631838531036
DMS180023,0.40025553189102586
DMR160007,0.8875222233370321
DMR170118,0.6404872314869886
MCB160196,0.9253961177618563
ATM170027,0.758398326130184
DEB160006,0.34408405121578145
CHE170087,0.8119386061218281
CTS160046,0.6189665156320301
CHE170101,0.6281176353217148
DMR180096,0.5829983330546928
DMR180109,0.7493754855982934
AST170026,0.4076655920242068
MCB160161,0.6826821404795722
AST180022,0.6038130987891094
AST180027,0.6936626598905107
DEB180002,0.4332832395594206
DMR180023,0.8988865932732012
CTS180023,0.5549694155810974
BIO160083,0.5550575142494136
CTS160036,0.5386043691996643
CTS160044,0.7143164484054474
CHE160084,0.6826682463495826
DMS170005,0.5445649152748262
PHY170001,0.5320716990443248
ATM170024,0.7571114109375487
MCB170002,0.9429340224507121
PHY180020,0.5180256674399935
CHE180046,0.6734419288236391
AST170007,0.5622629747797847
EAR160012,0.3796517677024045
DBS180003,0.58738851750896
EAR180016,0.781294189509876
ATM180002,0.5113554216039459
DMR180036,0.39496505956235506
MCB170123,0.7859785686709699
BIO170031,0.6738477037658115
CHE170075,0.5961061837985807
IBN180014,0.4921534484674732
BIO160033,0.45069263518055347
MSS180021,0.5271370774319122
ECS170006,0.4334719387422058
BCS180005,0.007000014850696568
MCB170094,0.3901748452845042
MCB160090,0.5730275888260792
BIO150074,0.4203370937189505
ENG170009,0.5105814227723156
SES170023,0.5485586645377064
CCR180014,0.22834252810030836
MCB160175,0.490328167350029
IBN160005,0.34257564834553106
AST180005,0.44477867869700116
MCB160137,0.6144802640387061
MCB170090,0.36283488635430117
MSS170033,0.7008005509758891
MCB160144,1.053700629359208
MCB180021,0.8349700480981868
EAR170003,0.6257201745737423
DMR160095,0.6065621546906033
DMR180018,0.5703587491527283
CHE180006,0.7313882245449362
MCB170102,0.49028890145413706
DEB180001,0.6640106159946193
PHY180043,0.586538242865907
DEB170003,0.21145857423612496
IBN180010,0.3019009302039501
ASC160075,0.3655965083476334
BIO150075,0.4307091032401096
AST160039,0.7878296648440047
CTS180055,0.4985540838188298
IBN160002,0.2806844319812926
DMR160153,0.7686293111199711
MCB160032,0.800952941111557
BIO170104,0.41545454526773384
MCB180023,0.5716860987780066
CHE170055,0.8651182151678373
DEB160011,0.20912005649478804
OCE180001,0.43998651797485544
AST160007,0.7801384164810723
AST160015,0.5834543816121249
AST160020,0.8638951803421142
DMR160134,0.698028808911085
PHY180046,0.32110472897236586
ENG160023,0.3299341576406214
CHE160068,0.4923031800064182
MSS170023,0.1586073372613691
BIO160011,0.2658670461625573
BIO160047,0.6255274455018809
AST160022,0.6333156507251061
AST160017,0.6174388699744693
AST160060,0.7519774005673113
MCB160199,0.6889809187194365
ASC160065,0.45663384810147645
ASC170041,0.39004696690999896
PHY170023,0.7444949517268715
BIO160027,0.7808109262966902
CHE180043,0.6176569414406946
MCB160021,0.7739999360116375
DMR160109,0.8794841375506668
DPP160002,0.7033527950120193
ATM160007,0.6918456532492825
MCB160096,0.6843146686583641
MCB180158,0.9495460735125573
MSS180009,0.5634826385304418
DMR170119,0.8304215948802294
PHY180036,0.6749279717966088
PHY180044,0.42976915615886785
AST180049,0.7362416824616683
SEE180003,0.3743800243902132
CHE170015,0.5098251357681446
MCB180156,2.5219145625345405
MCB180085,0.5062305321848264
CTS160071,0.6293426382969808
CTS170004,0.5514374983604031
CIE160018,0.39125496642644936
CTS170017,0.6372023249941314
CHE170046,0.5705271647651184
MCB170051,0.4247376772208833
MCB160182,0.5869335781032157
CHE180049,0.751359512178342
CHE160063,0.8845971846142549
AST160073,0.6476223504972038
ASC170069,0.25858454965023037
MCB160080,0.5957339290885316
AST170030,0.5965139384440488
AST170037,0.7357727429059342
CTS170013,0.5322184014615766
CTS170047,0.8084474261984378
DMR180044,0.5722895771072445
ASC170062,-0.026141538730323877
ASC160007,0.34419862648637883
DMS160003,0.5529296465130202
AST190018,0.5567285264706994
PHY180041,0.18608628143292116
BIO160001,0.6017492370748193
IBN170002,0.4104273589942914
IBN180002,0.5008300018767959
DMR180066,0.5921726596140849
DEB180011,-0.04674540361547386
CCR170030,0.2856743797436436
CTS180067,0.7104327841894673
MCB160174,0.5925858389301921
DMR160091,0.5366651584229774
DEB160003,0.5379313615895674
BIO170016,0.12642682407849892
MCB150129,0.861937994526679
DMR180025,0.6029316409830927
ATM170028,0.5911928991447972
IRI170003,0.30962192780846093
HUM150003,0.46303527689255464
MCB170010,0.38911541491263124
IRI180014,0.47079346351922674
AST180065,0.7012885161907383
DMR160067,0.7185233504013406
DMR160122,0.7200126495532103
DMR160163,0.8908076142838214
CHE170098,0.6924151121379125
OCE160016,0.41676869204927885
OCE170012,0.3378557798973576
MCB180180,0.605515870722272
AST170039,0.9358823466931534
OCE170018,0.48020759918317313
BCS180006,0.2836883634579031
CHE170100,0.6037332685111402
BCS160001,0.5478383814302362
BCS180003,0.6871698270452714
AST150063,0.6739515984948671
ATM170022,0.20082781377358933
ATM180001,0.6530488665553807
CIE160052,0.10842490942592542
MCB170082,0.6168627046686086
BIO150077,0.49205931346945775
BIO160005,0.6596648862998729
AST170006,0.5986142752877588
CHE180016,0.6750110840648638
CHE180059,0.792896525062851
MCB170135,0.4500493737405888
MCB180141,0.4500493737405888
CIE160037,0.3962761463546064
BCS170006,0.5061998504972598
BCS170015,0.6312424465289562
CTS170021,0.8795944305693311
MCB180207,0.721946311036257
PHY160058,0.6565924959918776
PHY170017,0.7958078509800313
CCR180048,0.3752774727056969
CDA180010,0.5263703639077288
MCB180119,0.3302462088162458
CHE180009,0.6681713953099628
DMR170057,0.6762884972847336
DMR180041,0.8267908016165222
CTS170037,0.6191916592976072
CHE160054,0.8339652970987836
ASC170007,0.2898063579361041
CHE180015,0.4244161574777725
DEB160001,0.32310884680539703
DEB170011,0.47378581293853117
CTS180032,0.21086369492663654
PHY160034,0.693607679203804
PHY170004,0.5262666197467016
DMR170020,0.7385766082509924
DMR170112,0.7925021093667965
ASC180020,0.4223974334203795
CHE180084,0.5523438414286578
IRI180030,-0.07764127478968819
CHE160085,0.7935296120199482
DMR160180,0.7905131782749788
DMS180034,-0.10837393584563948
PHY170041,0.5872552650037033
PHY170050,0.8547230450326351
IRI180007,0.1888880772258673
MCB170016,0.8340801378201496
ATM160010,0.49341464915679223
PHY180060,0.38602129332106383
MCB170165,0.635058446999275
MPS180001,0.8146990629282506
MCB160206,0.6147849502562255
MSS180010,0.5156866409302129
EAR170015,0.5094578041349116
CHE160067,0.6884887494039605
MCB170026,0.7606833478887902
ECS180001,0.475485438867228
CTS170031,0.6079475473536776
MCB180056,0.5142119903651332
MSS190010,0.4419937724717272
HUM180003,0.4745618716907558
DMS160006,0.2023408770530849
CHE170038,0.6566074176174578
IBN170006,-0.15151723905757275
CHE170059,1.015379259499448
CTS160024,0.5082079710579767
MCB160205,0.6985397241414868
BIO160040,0.1815285236302948
MCB170053,0.5781701601497643
BIO180014,0.6093597741746788
MCB160136,0.6062045355003074
CTS180052,0.519829982654138
DEB160012,0.18246628999592296
CHE160032,0.7099083603242318
BIO170011,0.5562317495558188
PHY180050,0.5734450238488448
MCB180143,0.4289358510959027
AST170032,0.14727732644178293
BIO160076,0.8644920694417275
BIO170096,0.7893333545621776
DMR170104,0.9637256955305755
PHY180040,0.5715213634144571
CHE170076,0.5925412641760247
CHE160094,0.7550967488580296
CHE170090,0.8918568501444011
MCB170146,0.8889131299595829
DMR180021,0.887463452143875
CIE170021,0.4005297755300855
MCB170032,0.6699091724833037
CHE180014,0.5523852044562223
CHE180096,0.7234277412533175
CCR160027,0.48289418192989286
ENG160037,0.664712737463306
BIO160046,0.5931816272710595
AST170021,0.8814017646905721
OCE160022,0.6741143284821765
PHY160047,0.6814397636275912
DEB160009,0.28800657284792963
EAR180005,0.6446113913452951
DMR170120,0.664356252537944
ASC170053,0.5478205208887931
CCR180021,0.5121225734984626
EAR160042,0.39277611365364024
IBN170008,0.35632326249453444
DMR160024,0.5976981489722607
MCB150132,0.7719471711631022
CHE170068,0.8663866059577623
CHE170070,0.7324775457183231
ATM160027,0.6828990122164387
CHE160099,0.6966721530260128
AST180046,0.4479612606569097
AST180060,0.6198412158563683
MCB180074,0.6341230528716897
ENG170028,0.5586704787101967
CTS160009,0.8223216676481385
BCS180019,0.5817991824744027
MCB180153,0.5254780726674421
CCR160012,0.32451622084626747
CHE160035,0.9173120211456074
BIO170076,0.6738481478263744
PHY160023,0.1901062234360857
CTS180015,0.49091691155810013
BIO180032,0.9018439010623261
MCB180208,0.3654465344250111
MCB170077,0.4448957974161889
DMR150105,0.7523052465634379
DMS180008,0.5070999190193638
CHE180085,0.6779112432661528
DMS170022,0.21761060163510104
DMS180005,0.6784990884448852
PHY170002,0.5599452280174984
DMR160190,0.407800168508778
PHY170025,0.7158597177761595
DMS170029,0.82242950095001
MCB170069,0.7411096576673554
ASC160010,0.4745008107076701
SES170013,0.19042542031078513
CCR170007,0.6508759775603152
DMR160004,0.6860453449808908
MCB160168,0.5548676416202105
MCB180120,0.6791286697146887
AST170018,0.5954409944331327
SES180009,0.36140222168454744
MCB160183,0.8648761114009715
DMR160063,0.8784319042211235
CTS150055,0.5855755277836423
MSS170015,0.8029747949145488
SBE160002,0.579624470693549
DEB170015,0.34145516737003245
DMS160028,0.512830402140002
SES180017,0.32347573773528604
AST170001,0.76650963826183
DMR160149,1.1847126672249875
DEB160002,0.6099473565520982
MCB170126,0.36080611646597055
ASC180005,0.26072903077190485
MCB170063,0.9131359417899159
DMR180127,0.45788382290702334
OCE180007,0.46767960607161707
DMR170089,0.7280558967480946
DEB170001,0.2747690753345345
MCB160140,0.5464752021842432
CCR160024,0.41659237501470614
MCB180132,0.4564472464589848
DMR180028,0.9519579085106944
BIO170114,0.6064670526230446
EAR160003,0.719194792666552
EAR160015,0.44789522404206994
CCR160028,0.4838716532026391
CCR170017,0.3405091683485613
MCB180178,0.5814041576900166
BCS180016,0.66265853247876
AST160033,0.5112622965546673
AST160044,0.6610509115446676
MCB180012,0.667962325561393
CIE170012,0.7776891738412566
CCR180005,0.5593121795550601
MCB170064,0.5540479297928513
CDA170013,0.7077518332048918
MCB170072,0.9635674821663932
MCB160082,0.717135170451177
MCB170151,0.6167131245329154
MCB170019,0.8288243844359914
IRI180019,0.41987069110477193
DEB160015,-0.10239388167171637
MCB170121,0.5863868064951515
MCB180099,0.8233862741640119
MCB160040,0.5820979176930269
MCB160113,0.8196074806058946
ECS170002,0.5884056382418027
ENG170035,0.2947056225213296
MCB160160,0.37664305556712496
BIO160073,0.4641146560503975
CHE160022,0.7910880016524316
CHE170088,0.8402438425614914
CHE160041,0.898513790824306
DMR160088,0.4311146782019788
DMR160101,0.7161417181123227
DMR170091,0.6844113142250484
CDA150009,0.4572298957326356
PHY170029,0.6285219368837512
PHY160006,0.5072620132335537
PHY170047,0.7869452580927261
PHY170005,0.5130098121938204
BIR170001,0.43724866180089783
ASC170010,0.24018418435355166
CHE180037,0.6980233235124002
PHY190032,0.5960003402179377
CHE170036,0.6484121855689341
CHE170065,0.7450284957377155
AST180023,0.5196722084893439
MSS160022,0.5314798206836069
MSS170032,0.46181730067369753
SBE160004,0.45941996057388756
MCB160164,0.680915863721517
MCB160173,0.850721008803599
MCB180003,0.5057163646363825
BIO170046,0.86295575345354
EAR170017,0.2908452622451543
MCB180179,0.45184773017788354
CCR170020,0.40080907301701885
CIE180017,0.1417941009716337
CHE150078,0.8323089403445385
OCE180016,0.5597140571030039
CTS180012,0.5731137317533278
CHE170020,0.7812218229346986
AST180010,0.32930889816820985
EAR160036,0.7057614758826697
DMR160130,0.6155653470076372
OCE160024,0.41690301510151795
AST170042,0.64203275321927
CHE170024,0.7127180688575419
DMR180121,0.36789071351590735
DMR160145,0.8126076279328804
CTS160017,0.6518486734794845
DMR160185,0.7460690509062582
ASC170003,0.4413024914360201
MCB170159,0.6526940931953892
MIP180003,0.6111013696973469
DMR180045,0.6413640328818591
BIO160003,0.6011131486393015
EAR160008,0.4936566819937009
PHY160026,0.5266856951940587
DMR160188,0.6655510410035086
DMR170078,0.782996289161208
MCB170033,0.4833214343532587
CHE150094,0.7219899166860276
BCS180015,0.36381502543328836
MCB160039,0.4908508301242508
BIO160078,0.4749662186334984
CHE180028,0.7556853430312349
BIO160070,0.3369366324397085
ATM170016,0.5102221897028844
OCE170010,0.5749075387181429
ATM160024,0.4612053883934334
MCB160035,0.7357341717521754
ENG160043,0.5289784571127861
CHE180099,0.6153302989806172
CTS160067,0.3835567568141075
CHE170029,0.9521779434746758
MCB180073,0.9409293773989914
DMS160026,0.6688986193911631
ASC170024,0.46971547677581815
MCB170083,0.5936940746740258
CIE160014,0.32294216265842524
DMR180053,0.610795757266509
MCB180088,0.391212645191494
BIO170079,0.9912477784706771
BIR180002,0.33698246168028645
CTS160072,0.2817751767486341
PHY180062,0.6887042377727568
DMS160013,0.6374697320194068
MCB170065,0.6077287651574678
MSS160007,0.7774073432978856
MSS170004,0.8408403931218166
BIO170060,0.2805338369366706
AST160031,0.6581714231828467
MCB180192,0.12866856222198841
CHE180067,0.888002726138787
ASC170060,0.49938665117168746
CTS170052,0.5960883884400134
PHY170058,0.8616800356848363
MCB160129,0.8091447926755355
CHE160079,0.8105618371081325
EAR160031,0.5263295713397679
ASC170050,0.28613328077740824
DMR180040,0.6855522835723418
SES170015,0.20891756090917502
CCR150039,0.37333501141361264
ECS170001,0.533091493541025
IBN160017,0.24017387536645812
AST160014,0.6384553985969701
MCB180064,0.7781096798746834
CTS160059,0.7735131970137655
CHE180076,0.7463709972549009
MCB160078,0.5658358746369122
CHE180044,0.6566074176174578
CHE180081,0.6125417038480772
AST180011,0.7657131080352967
MCB180200,0.5700598523805773
MCB170023,0.885273011358917
MCB160135,0.14227069780255952
CHE170037,0.6671912758144944
CHE170095,0.7144362718847899
MCB160081,0.7634323042447687
CTS160041,0.8801084725910236
MCB160038,0.19355974119708963
MCB160177,0.5282029078361284
MCB160153,0.6690552316415558
MCB170003,0.7845235223006259
OCE160005,0.4858741912635727
EAR160033,0.52747727339087
CCR180019,0.3423544501600668
PHY180058,0.3131417982442676
MCB170024,0.6589050356150248
MCB160141,0.7305502166388869
DPP180003,0.4385038498502073
EAR170012,0.7531104521078351
DMS180031,0.4357896753902445
MCB180136,0.247779207289058
DBS170011,0.5256257564095148
ASC180008,0.3204043299008501
ASC180060,0.32864868899241123
CIE150033,0.4192488425409098
MSS180020,0.674455916418294
CCR170032,0.3233582372587259
AST160057,0.6535272657202343
ENG160041,0.5116232556915391
PHY170046,0.6103821292219134
AST150058,0.7414513361199365
OCE170021,0.6299825479166855
DMR180054,0.6191904217061288
CHE180047,0.5969516065101236
CIE170054,0.7875112379008548
MCB180195,0.6241007600537444
CIE160021,0.5334485366811417
CIE170034,0.3515687851646098
DMR180116,0.8475306021441528
IRI180005,0.5440130028308949
DMR160002,0.6135380206817276
EAR160040,0.4200417270217812
AST170033,0.5697121442022196
MCB160099,0.7288480077690753
MCB170020,0.7167649955964702
MCB180075,0.7936457323175439
ENG170012,0.6491088442766852
EAR160030,0.5010085601487743
BIO160036,0.5539616256143604
PHY180002,0.4255140181401775
BIO170055,0.667716697375672
EAR160022,0.5748620215375057
MCB160150,0.825789904844291
CCR170004,0.5696712506552837
DMR160038,0.6984172324824018
CTS180007,0.39195740845004184
CDA160011,0.7403761648331884
MCB160071,0.7964726582352373
PHY160019,0.5875522590163461
BCS170012,0.48939952727009617
CTS170040,0.395921333257922
OCE170005,0.331241329134843
MCB160017,0.7024159629997747
MCB160060,0.9016298209632239
MSS170027,0.5506342482491587
CDA180002,0.13283764419507882
PHY160060,0.5230527456311064
PHY170026,0.7379448700036448
CCR180026,0.34064745224357684
OCE160017,0.49887959092096656
OCE170001,0.7487464221858481
AST170015,0.528903336334682
ASC170012,0.37510410132914607
ENG170020,0.7797134463320416
MCB170127,0.628539225602811
DEB180012,0.32750526967363935
ASC170014,0.266080496131968
AST180018,0.6715798920031275
CIE170030,0.5092084843356608
CTS170029,0.7315571985470788
CHE180090,0.8001642287179759
IBN160010,0.1960166960627775
BIO180004,0.7587869627784484
PHY160059,0.5656796622437685
ASC160026,0.5531607279860197
CIE160047,0.5765036994436076
CTS160070,0.6237419227801124
AST180014,0.6038961670310498
DMR180030,0.9640377952608434
CIE160008,0.282115745129966
CIE170006,0.3116403539231719
CTS180053,0.29322859808795887
DEB170002,0.682163634442643
ASC170046,0.5424405993495995
MCB170131,0.19840487048942884
DMR170017,0.6058818869197439
MCB180094,0.7305586744189784
NCR170001,0.5013041278147857
MCB180184,0.7838447075061081
AST180017,0.7211874653698735
CHE180031,0.7697512123920486
SES170007,0.3056775410016099
ASC160014,0.5404503155604297
AST160065,0.7548165527419151
MSS170028,0.5255469023439229
EAR180015,0.5305502606355595
IBN180009,0.26532305029962716
BIO180021,0.5745328335496529
CTS180004,0.5952298282691785
CTS160029,0.673163549655926
MCB180124,0.621963543349322
MCB150150,0.9140095351185785
AST160034,0.42598593447931643
CHE160020,0.5924274720919981
EAR160016,0.6805498413158223
DMS180004,0.4074552068076847
MCB160012,0.79762599223235
CTS180026,0.7948069844024656
DMS160017,0.3858913962377179
CHE170021,0.8757865869595066
BIO170052,0.6383464428721459
MCB180202,0.5852149173832283
PHY180061,0.37371173735077595
PHY170056,0.45360521087555533
CTS160053,0.45114767844079817
CTS160057,0.6671159346803802
PHY150036,0.6261982766344801
MCB170147,0.6782185253756349
DMR160105,0.6372105869947658
ASC160070,0.5020343242448401
CTS160026,0.8021943597262577
CTS170026,0.46702076133037596
ENG170030,0.6833998108060606
BIO170044,0.6934878816064775
CTS160033,0.42769130258276966
BIO170115,0.6651245088822725
CHE170093,0.5813505071498003
CHE180022,0.6218321673450118
CTS180017,0.48715893618581263
IBN170007,0.3970758669257153
ENG170004,0.599241319016442
ENG170008,0.6747036152567527
ECS160002,0.5391823680559718
CHE150093,0.7125707394022349
CHE170085,0.8418464536090259
ATM160015,0.7155712783303038
MCB180067,0.4645385365394654
MSS160012,0.5032909504706027
CTS160056,0.6734470185418322
DMR170088,0.48706482455846434
DMR160049,0.7191127788712648
DMR160115,0.7026036473973666
DMR160020,0.6135380206817276
MCB170078,0.5173402291806497
CHE190091,0.5942711899889016
AST190001,0.4052945505165057
AST180052,0.27807910876677794
CHE160077,0.7773708526004299
DMS170030,0.7582934017881421
BIO170054,0.6821948556243789
CTS150053,0.8092933369406816
DMR160090,0.599754313704708
DMR170008,0.8759901303211857
CIE160026,0.7176544665707693
BIO160085,0.681554696667163
MCB170080,0.3197700100827241
MCB170149,0.43884002719151927
CTS170049,0.3451865806804107
MPS170001,0.43684314711731104
IRI180022,0.3044485859954617
DMR170126,0.6598673839948384
ENG170021,0.5599147629256097
MCB160145,0.6000809096637761
PHY170008,0.4988551685128797
ASC160022,0.43953800372071594
OCE160003,0.5861589873764317
MCB170156,0.3653816304064554
MCB180019,0.5083241005508843
PHY180010,0.46449614335008393
DMS170014,0.2786607299383835
SBE160001,0.3849302195475244
ASC170011,0.14834733669845546
PHY170033,0.7543307652130934
BIO180040,0.3504715846614205
MCB170071,0.4478058914782663
HUM150002,0.4029300623030715
ASC180054,0.26322743723064773
MSS170025,0.6459051120916451
DMR170093,0.9378689754200131
ASC160045,0.44635938391121593
MCB180035,0.5093928989263813
MCB170163,0.6895977310149525
MCB170012,0.6818366092354046
DMR170050,0.7597554321250899
ENG160009,0.6113455849735469
DBS180007,0.3191450308683995
BIO170105,0.5900682229391224
BIO180006,0.7008574680278855
MCB180070,0.7119011754337621
DMR160089,0.462418091701986
DMR160157,0.5201863429816267
BIO170100,0.6125761873082308
SES170014,0.5374939692533219
DMR170006,0.8788807548231335
CTS160065,0.6135284667709974
AST160030,0.2892278719448337
IBN180003,0.4978197134810458
DMS170010,0.6827255352978765
MCB170031,0.649121784842355
MCB170060,0.8119243641555074
DMR170028,0.6823566492480061
AST170004,0.5290210028441079
CTS160035,0.5107701127454126
DMR160117,0.8556076588188406
BIO170047,0.732565102783909
CHE170060,0.927693969834644
ASC180011,0.4099849407759678
MCB160077,0.6819175731259685
IBN180001,0.5835534688367391
DMR160189,0.7230504522391684
CDA160010,0.08392671509517668
CTS180016,0.4792990377658245
PHY160036,0.60683454271543
MCB160026,0.6952977786718487
CTS160002,0.8355353373074299
MCB180063,0.39472189693791776
ENG170036,0.945687125305618
DMR160027,0.9205810046417193
ASC180022,0.5680541766326874
DMR180064,0.8639207676437165
DMR170081,0.6338072729464411
SBE180007,0.7100348959383826
SES170020,0.3981733956073955
SES180010,0.21884399394400722
MPS180003,0.9719710911795882
DMR170058,0.8984704814768948
DMR180081,0.998547252072828
OCE170007,0.700385960828165
BCS180023,0.48175045249882137
DMR170032,0.639415215933907
ENG160036,0.5989502397400189
MCB160055,0.7458200676151236
MCB160050,0.5725686445623481
MCB180078,0.5604173648808206
CHE170007,0.7229315175436615
AST180019,0.48188339561523363
MSS170001,0.8082159293957015
CHE180054,0.7979076400221787
CCR180051,0.02439984076319024
ATM160030,0.4585803795400387
ENG160027,0.8758211373706498
MCB180108,0.46460452088341075
CHE170044,0.7161597222484475
DMR180083,0.7622184270318635
CCR180045,0.11721997612880075
DMR160075,0.7990457965247191
CCR170015,0.33714780986986104
CHE180072,0.6260061811012434
OCE170017,0.7787326646169885
OCE170004,0.5601763458881616
CIE160044,0.4592301067546345
MCB170112,0.36450787549713143
CHE160078,0.7222242150222027
AST160032,0.6140450963561429
PHY170039,0.5032344557256795
PHY170054,0.7466052828289473
EAR170018,0.4728473936341431
DMS180035,0.5722515715630851
MCB170058,0.6515709675149944
MSS170037,0.5832928217134252
ASC180019,0.19940925667146442
IRI180024,0.3612149473202872
ASC180026,0.41419605598012055
CCR170014,0.4166887843729933
CHE160044,0.874123768537084
MSS160017,0.6894775224598734
MSS160025,0.7929950155619676
AST170031,0.3735820860933714
AST170038,0.6315017868076364
BIO150078,1.0048597128887387
BIO160079,0.5264202727834291
SES180018,0.24852473931981878
ASC180053,0.391471846736801
CHE160053,0.5348914315904797
CHE160082,0.8756319141122058
DMR160168,0.8291472003498098
DMR160078,0.6512360681863701
IBN170011,0.4001235665033078
DMR160148,0.7651478470320049
CHE170052,0.42784444528196297
DMS170021,0.4144380659919672
MSS160028,0.651682052547375
MCB160005,0.8688513040925452
BIO160063,0.7217465683415272
CHE160098,0.6653152643270198
CHE170034,0.7603589190283403
ENG160010,0.6113455849735469
MCB160025,0.5576115926372229
ASC160011,0.3605582782707387
ASC160039,0.0873052425883768
DMR180039,0.7907789057895694
DMR180068,0.6923988528860672
DMR160143,0.7595571784033472
CTS170010,0.525787089994377
MCB170028,0.6595604706406241
CIE180011,0.2702784424701555
CDA180013,0.46584120851981925
DMR190013,0.7361865157783573
CHE190039,0.3707907960122882
DMR170124,0.5753980853635131
DBS170005,0.27801457434217264
BIO160038,0.4913394804997393
CTS160048,0.3248103122330718
DMR160170,0.9261735740310166
CIE160017,0.2690045770684915
SBE170003,0.39150734937152787
CHE160038,0.6167814870006099
CHE170006,0.8938666499705658
ENG160007,0.6603939518700744
BIO160089,0.5319449312609864
BIO170010,0.5176800900280005
DMR170025,0.721868479445821
MCB160194,0.7064302932404032
CHE180032,0.7697512123920486
CDA170007,0.375622496161489
CHE160095,0.6656710479892655
IRI180020,0.5264647715172244
MCB180171,0.5407351039625378
DMR170055,0.7191051011936279
PHY170009,0.5799012434812787
PHY170011,0.7044836697240703
PHY180011,0.8277943858539707
MCB160046,0.7001703050863511
MCB170153,0.5586484111410344
HUM170002,0.3115761376160022
MCB170018,0.3997304719524296
AST170020,0.7741202406321592
DMR170122,0.6104616125328483
MSS160021,0.5576379136279712
DEB180016,0.3480591958512825
PHY180018,0.7608254398956377
MCB170107,0.6378409612601035
ASC180046,0.5658481793266377
BIO160006,0.8252020958775284
CTS160032,0.7008653176534696
CTS160038,0.6938752743518969
DMR170083,0.7039668943387654
DMR160120,0.7270064859505897
CCR160013,0.5516458164085429
BIO180017,0.5345788382379121
DMR160005,0.7270606886267661
CTS180048,0.22640784867278002
DMS180010,0.41798774445704023
CCR170010,0.4354978196287012
ATM170012,0.4386037655324003
ASC160035,1.0505021686447005
ASC170002,0.6078541605531017
MCB160105,0.5576464600778922
DMR180126,0.5201840176408704
DMR180084,0.729299534505098
BCS180017,0.32088816498121797
DMR170110,0.8257199975337035
MCB160139,0.31064737956354843
PHY170015,0.5346719170960119
PHY180017,0.7230815111647041
CDA160012,-0.00885678508089538
OCE160004,0.4987747342337949
SES160002,-0.03893434205980584
MCB180176,0.28635643274247613
MCB160064,0.7722121845639427
DEB180006,0.36720464070979275
DMR180001,0.6617900751736833
OCE170019,-0.3120222787683591
DMR170125,0.6831993722197647
MCB180209,0.13045477832043595
MCB180203,0.43375231797527924
DMR180034,0.8591961512016846
BIR170002,0.4354031528707698
BIR180001,0.4841455397988158
PHY170048,0.5558395044509064
PHY180052,0.7015269028185296
PHY170031,0.43108700909719355
SES170022,0.6238714240046082
DEB160007,0.31334145125442037
ENG170016,0.4102980913900703
DMR170064,0.7446980431577188
DMR170076,0.8747097366407106
ART170002,0.17677587863886401
DEB180014,0.15627820173126772
MCB170111,0.4251892374988087
CCR160021,0.2850205708889241
MCB190109,1.0097743787440878
AST160055,0.6660806736383486
AST160066,0.5137442888870998
AST180034,0.3360651565307719
MCB160053,0.6088312752879922
DMS160012,0.8705739811693393
NCR160004,0.4853876946561162
CTS160039,0.5519761673892476
ATM170008,0.49531985870002626
ENG150035,0.8160254503086412
BIO170033,0.750318927348987
BCS180022,0.5513976055042498
IRI180002,0.4766980721709466
DMR170047,0.8446462692914436
BIO160028,0.8027734918204076
IRI180029,0.3219490415465119
SBE180004,0.42704255080547704
ENG160035,0.4783853157029692
BCS180008,0.6461321990813437
EAR160009,0.484221507520145
MCB150143,0.5841416738187578
PHY170014,0.9058845377080659
PHY170020,0.9255229591586129
DMR160081,0.807943642545949
AST180031,0.2939411135786825
AST180021,0.6786724770494185
AST180058,0.7788091986794596
DMR160079,0.7232540424127492
DMR160113,0.8680839183018951
MSS170030,0.5684825699196588
ASC160020,0.5360065310703735
CIE160025,0.30039861120498146
MCB170038,0.5339061559721301
OCE180004,0.19995746510806556
OCE190014,1.119350729628031
OCE160010,0.45848352613611354
DMR160183,0.6786985208610996
BIO170048,0.6362111726380943
DMR160181,0.6034718606728752
BIO180016,0.48249597588216964
MCB170134,0.3889044521598022
CTS170019,0.6058210143714294
PHY160048,0.6119165140667131
EAR160037,0.5412124669913425
ATM160028,0.5555677480777421
DMR160059,0.6592076431128815
AST160008,0.8423685013556039
CCR170021,0.5998322522895974
CTS160007,0.7954720717029631
BIO170038,0.44785515709492624
BIO170095,0.49326121757020314
DMR150127,0.7373024636183175
DMR160114,0.9012945386887241
BIO180013,0.7939991936243072
CTS170015,0.5779587160404374
AST160001,0.6865453440367005
CHE160011,0.6138105382917404
AST180067,0.3225047575012397
SBE180001,0.361033494406775
CHE180021,0.29302277561748546
DMR160128,0.7856207753765857
CCR180016,0.37667876665434535
CIE170023,0.3266175160896644
PHY160054,0.5705541083303163
PHY170022,0.7093815378129595
PHY160021,0.6879229944325299
PHY160032,0.765996065126592
BIO160039,0.20101264172828348
AST160002,0.6531253776792867
DMR170016,0.9034759438984854
MCB170086,0.665525922424581
SES170018,0.44990278511799064
SES180020,0.5162831389373534
MCB160201,0.6329040882019196
BCS170013,0.5057095734294962
MCB160155,0.6314185569909841
MCB170099,0.4171431443104169
DMS170003,0.465452320460393
MCB150149,0.6643067218899005
MCB160041,0.849260447776973
ASC160076,0.4863042427022541
DMR170092,0.33528077424704034
DMR180072,0.8490219664065125
SES160003,0.4764287544920287
DMR180022,0.6309225643224025
DMR160110,0.8738341589931835
DMR170077,0.8569716444856832
DMR180012,0.7432679137188241
AST180037,0.2662196811260597
MCB160052,0.6489169032757809
CHE160006,0.68304962473908
DMR190032,0.8321521048958064
DMR180091,1.3471809394865426
BCS160006,0.4211792056912026
BIO170082,0.6437930919463273
CHE180038,0.5735478577273797
SES180003,0.8251955521331721
CHE160027,0.609098098293686
CHE160037,0.7836335724515622
PHY180009,0.38172216035851236
ASC160046,0.32830099953529984
CCR180059,0.11690228764018995
DMS180021,0.5929330403440422
PHY160014,0.7231349166186581
AST160035,0.7124085047666818
AST160059,0.8252697300478795
OCE180002,0.5570253656765274
MSS180006,0.5788942466875926
PHY160001,0.43164449735582516
ECS170003,0.44072851197384233
DMR160129,0.7580832435784024
CCR160007,0.2476654779330828
EAR170004,0.5335145860044807
CIE170036,0.6159849024110554
IRI180015,0.516170500529978
CHE170039,0.39382344911045053
CHE160024,0.2706103308565035
CHE160089,0.8144921241319824
SES180023,0.5421362622204247
BCS170011,0.14780983078801802
DMS180001,0.699829209852148
DMR180032,0.6007398936907128
MCB170044,0.6002378796625725
SES170003,0.3572895332142093
PHY160011,0.4292339397658739
PHY160030,0.6663323855421791
PHY160018,0.6525695665903822
AST170029,0.41991011856076665
MSS170021,0.7701392239255143
MCB170046,0.7115365330177841
MCB170062,0.8076543346416688
PHY170059,0.46531540834197177
MCB170074,0.80380715755818
CHE180027,0.8505028226369036
DMS180043,0.6864709688783397
ECS180015,0.34107300041776983
DMR150113,0.864714707521802
ENG170024,0.4913367983570194
DMS180020,0.7541648070875342
MCB180116,0.7296054461312702
MCB170015,0.6648894557825733
AST160052,0.5410777243670828
AST170013,0.7267345659055553
DEB170009,0.3112895333387366
CCR160008,0.07604953297828454
AST150061,0.7434035499169144
MCB170150,0.40564304588157163
SES170005,0.2730058472326329
MSS180011,0.3272042221153237
CCR180064,-0.0017668417302764139
ECS170009,0.42399061317633624
MCB180147,0.495047180261314
CIE160033,1.1522454041222954
DMR160186,0.6795717976864534
DMS170007,0.22463996914906398
DMR160097,0.5883580582817268
AST170024,0.8370263857315389
DMR160126,0.8952040799989995
DMR160165,0.7130911172742835
OCE180014,0.4527036801106531
MCB170087,0.6012381283229304
DMR160184,0.5848780902834703
CHE170003,0.6726517799008592
BIO150059,0.6463482552787537
OCE170003,0.5186891550516148
PHY160004,0.52004688493001
CCR150031,0.4499128776033631
MCB160128,2.860800603453005
CIE170029,0.5597328083022322
CCR180031,0.023259298237277792
IRI180010,0.20974479610777286
DEB160008,0.3722263066511591
BIO160008,0.38082157557717883
DBS180013,0.1201957041893974
BIO170099,0.5316168799967812
MCB160188,0.20980114214945933
DMR160023,0.5763601463594882
BIO180039,0.5800224509129204
ATM160009,0.617060393898748
DMR160077,0.769677996861265
DMR170003,0.7332901758306641
SES180011,0.7183385385043254
CTS160028,0.6926555148545556
IBN160003,0.45701985303509496
MCB170025,0.3110777555550969
CTS170032,0.7159574715343734
DMS180025,0.7380948962082534
OCE160008,0.7373069703648282
DMR160187,0.6243476344505497
ENG180002,0.504917609746278
MSS170024,0.6188350015430055
EAR180010,0.3003928785215831
MCB170070,0.44589076751405377
CTS160068,0.6228653898497336
DMR170111,0.8180380648208686
PHY170030,0.6400873704049674
MSS160011,0.5929585983341249
DMR160136,0.413497013537378
AST160009,0.7460973247956044
CHE170040,0.690776571280547
IRI180006,0.29118193559826794
CTS170055,0.704990454509642
ENG170034,0.5997879824030582
BIO160056,0.4913394804997393
MPS160001,0.31030261294535405
MCB160189,0.49737136816531335
MCB160167,0.6542518417959714
AST160071,0.5342277965326857
CTS170036,0.5453781099071847
BIO160030,0.5400738968309506
CCR160003,0.48094715578824226
ASC150048,0.6278904995551813
HUM150005,0.2939323587581756
DDM180002,0.5509690849677743
ASC180012,0.6588968098068428
BIO170028,0.7383942355865675
DMR170022,0.49035843468718654
DPP170003,0.45501550247640765
DPP180002,0.5902988603865833
CCR160011,0.4363373296382645
CCR160030,0.4838298419758688
AST180001,0.4111320778160778
ENG160029,0.6124636488036651
MCB180173,0.8496961961096696
DMR180006,0.49722886208215183
BIO160057,0.6007131181084367
MCB160022,0.32024595477319595
MCB160031,0.2902294463432635
OCE180008,0.31984730409184553
IBN160014,0.6119394924968444
PHY180042,0.15050437781121961
CIE160020,0.4352405247354903
BIO150062,0.7755790106876574
DMR180059,0.7393176979232603
SES160012,0.21808058457917634
PHY150039,0.7299051719536558
CTS160013,0.6745411245400902
DMR160106,0.9059127485192677
DMS180024,0.4861146029382367
BIO160031,0.4650270337787673
MCB160181,0.9456428278855994
MCB170006,0.9474276259940666
MCB180032,0.5966232267158407
CTS170030,0.4364493002848213
BIO170002,0.4841527359001684
CTS170014,0.8566902600557944
BIO160060,0.6894960898447707
AST180036,0.7048286885645274
MCB160152,0.6025196184799648
MCB160134,0.7656990671533113
ENG160032,0.6083224793196228
CHE180050,0.6753036993921431
BCS170014,0.7056958606142983
CHE170042,0.667132183561384
ASC160081,0.48674790195285367
CCR170016,0.6266060158632661
CTS180014,0.5487955075336036
CTS160015,0.673163549655926
CTS160021,0.7214588279720436
ASC160018,0.7532842003767732
DEB170016,0.661806426415828
CTS180045,0.4795254544374107
AST160049,0.8380400238429195
MCB160203,0.7274504471224468
CIE160015,0.43721214606164316
